recur_type,hidden_size,bleu4,meteor,runtime_seconds
lstm,128,0.09720691970042872,0.2370172371637778,34.950316985448204
lstm,512,0.12532452131633157,0.2593832352690424,125.6280546983083
rnn,128,0.10464171058187023,0.24858579805225078,43.02606010437012
rnn,512,0.1294096776892667,0.24613538909907093,78.32423003514607
