recur_type,recur_layers,bleu4,meteor,runtime_seconds
lstm,1,0.11554450720212811,0.2556381108438313,60.32887303829193
lstm,2,0.11764821876497503,0.25076034785126067,83.336678981781
lstm,3,0.1006044355580373,0.2382022499541383,97.20200550556183
rnn,1,0.1262174735677914,0.25460286867166604,48.60022258758545
rnn,2,0.11613134354032059,0.2459737530114645,61.170676589012146
rnn,3,0.10872826529859342,0.24150515904385195,72.2545360326767
