bleu4,eval_images,hidden_size,implementation,max_length,meteor,recur_layers,recur_type,time_s
0.16757740605076604,1012,512,keras,10,0.339327929682634,1,rnn,6.596178293228149
0.15947342827537359,1012,512,keras,20,0.34777877605447244,1,rnn,17.829168796539307
0.15947342827537359,1012,512,keras,33,0.34777877605447244,1,rnn,25.832090377807617
