{
  "loss": [
    2.2829482555389404,
    1.7707836627960205,
    1.5720322132110596,
    1.4563308954238892,
    1.3514186143875122,
    1.2640551328659058,
    1.189602255821228,
    1.1314022541046143,
    1.0829761028289795,
    1.0413163900375366
  ],
  "sparse_categorical_accuracy": [
    0.6670771837234497,
    0.713765025138855,
    0.7339583039283752,
    0.7442091703414917,
    0.7543902397155762,
    0.76198410987854,
    0.7678912281990051,
    0.7727031111717224,
    0.7765045762062073,
    0.7805564999580383
  ],
  "val_loss": [
    1.8939381837844849,
    1.6623437404632568,
    1.5521154403686523,
    1.424278736114502,
    1.3478704690933228,
    1.272986888885498,
    1.2347408533096313,
    1.1955167055130005,
    1.169940710067749,
    1.165339708328247
  ],
  "val_sparse_categorical_accuracy": [
    0.681941032409668,
    0.7264454364776611,
    0.7346462607383728,
    0.7492971420288086,
    0.755993127822876,
    0.7626773118972778,
    0.7656146883964539,
    0.7693612575531006,
    0.7729939818382263,
    0.7730239629745483
  ]
}