{
  "loss": [
    2.8246443271636963,
    1.9118821620941162,
    1.712937831878662,
    1.5691859722137451,
    1.489250659942627,
    1.427477478981018,
    1.3813648223876953,
    1.3408981561660767,
    1.3064430952072144,
    1.275231957435608
  ],
  "sparse_categorical_accuracy": [
    0.6523078680038452,
    0.696487307548523,
    0.7211241126060486,
    0.7341285347938538,
    0.739741325378418,
    0.7464523911476135,
    0.751983642578125,
    0.7564809918403625,
    0.7592067718505859,
    0.761686384677887
  ],
  "val_loss": [
    2.1054000854492188,
    1.820589303970337,
    1.6185836791992188,
    1.5349169969558716,
    1.4682185649871826,
    1.4222080707550049,
    1.3872792720794678,
    1.3584649562835693,
    1.3305054903030396,
    1.3131998777389526
  ],
  "val_sparse_categorical_accuracy": [
    0.676102340221405,
    0.7069988250732422,
    0.7313070297241211,
    0.7358151078224182,
    0.742523193359375,
    0.7491292357444763,
    0.7531936168670654,
    0.7547582983970642,
    0.7587387561798096,
    0.7594760656356812
  ]
}