{
  "loss": [
    2.7415060997009277,
    1.8658584356307983,
    1.6688485145568848,
    1.5222158432006836,
    1.4463938474655151,
    1.381492257118225,
    1.331770658493042,
    1.2938987016677856,
    1.257791519165039,
    1.2237794399261475
  ],
  "sparse_categorical_accuracy": [
    0.654149055480957,
    0.7073109745979309,
    0.7272741198539734,
    0.7376223206520081,
    0.7462067008018494,
    0.7543066143989563,
    0.7581931352615356,
    0.7612522840499878,
    0.7646779417991638,
    0.7674968838691711
  ],
  "val_loss": [
    1.9374127388000488,
    1.7985308170318604,
    1.571780800819397,
    1.4893580675125122,
    1.4280507564544678,
    1.3771132230758667,
    1.3405135869979858,
    1.3132151365280151,
    1.2879602909088135,
    1.2637165784835815
  ],
  "val_sparse_categorical_accuracy": [
    0.6876121163368225,
    0.7101160883903503,
    0.7344123125076294,
    0.7387825846672058,
    0.7483800649642944,
    0.7552379965782166,
    0.7579473853111267,
    0.7605970501899719,
    0.7637202739715576,
    0.7654528021812439
  ]
}