{
  "loss": [
    2.1567318439483643,
    1.6911969184875488,
    1.5168886184692383,
    1.41122567653656,
    1.3195195198059082,
    1.2543405294418335,
    1.190922498703003,
    1.126442790031433,
    1.0701721906661987,
    1.0243620872497559
  ],
  "sparse_categorical_accuracy": [
    0.6844398379325867,
    0.7241267561912537,
    0.737875759601593,
    0.7489641308784485,
    0.7578034400939941,
    0.7633607983589172,
    0.7685263752937317,
    0.7746027708053589,
    0.7796186804771423,
    0.7840936183929443
  ],
  "val_loss": [
    1.8111178874969482,
    1.587665319442749,
    1.489385724067688,
    1.382029414176941,
    1.3198565244674683,
    1.268372893333435,
    1.2215219736099243,
    1.1808149814605713,
    1.1498323678970337,
    1.1388274431228638
  ],
  "val_sparse_categorical_accuracy": [
    0.7066510319709778,
    0.7322543859481812,
    0.7405749559402466,
    0.7526601552963257,
    0.7597039341926575,
    0.7636003494262695,
    0.7686478495597839,
    0.772118866443634,
    0.7766928672790527,
    0.7766208648681641
  ]
}