{
  "loss": [
    2.5878944396972656,
    1.7156082391738892,
    1.5112789869308472,
    1.4054341316223145,
    1.345224142074585,
    1.2979294061660767,
    1.2571570873260498,
    1.2240421772003174,
    1.1955206394195557,
    1.1701234579086304
  ],
  "sparse_categorical_accuracy": [
    0.6590718030929565,
    0.7245129942893982,
    0.7407401204109192,
    0.7517457604408264,
    0.7586625218391418,
    0.7627596855163574,
    0.7659055590629578,
    0.7683945894241333,
    0.7707927227020264,
    0.7728510499000549
  ],
  "val_loss": [
    1.8526417016983032,
    1.587339997291565,
    1.4517717361450195,
    1.38481605052948,
    1.343332290649414,
    1.307643175125122,
    1.2809618711471558,
    1.259732723236084,
    1.2431306838989258,
    1.2286680936813354
  ],
  "val_sparse_categorical_accuracy": [
    0.7021369934082031,
    0.7330515384674072,
    0.7474027872085571,
    0.7557833194732666,
    0.7596257925033569,
    0.7626773715019226,
    0.7646914124488831,
    0.7665437459945679,
    0.7680724263191223,
    0.768929660320282
  ]
}