{
  "loss": [
    2.0345730781555176,
    1.4712785482406616,
    1.333681583404541,
    1.2472723722457886,
    1.1789692640304565,
    1.1185076236724854,
    1.0648784637451172,
    1.0171524286270142,
    0.9756240248680115,
    0.9384984970092773
  ],
  "sparse_categorical_accuracy": [
    0.7004624605178833,
    0.7434961795806885,
    0.7570772767066956,
    0.7644187211990356,
    0.7698597311973572,
    0.7753071784973145,
    0.7805163860321045,
    0.7854089140892029,
    0.7897231578826904,
    0.7938275933265686
  ],
  "val_loss": [
    1.5742841958999634,
    1.4003046751022339,
    1.3135544061660767,
    1.261781930923462,
    1.211510181427002,
    1.1766159534454346,
    1.1497151851654053,
    1.1285059452056885,
    1.116754412651062,
    1.1058000326156616
  ],
  "val_sparse_categorical_accuracy": [
    0.7343044281005859,
    0.7502503395080566,
    0.760657012462616,
    0.7645894885063171,
    0.7697449326515198,
    0.7737672924995422,
    0.7768126726150513,
    0.7796542048454285,
    0.7815903425216675,
    0.7841082215309143
  ]
}