{
  "loss": [
    2.5480756759643555,
    1.5198348760604858,
    1.3692522048950195,
    1.280124306678772,
    1.219800591468811,
    1.1708886623382568,
    1.1312940120697021,
    1.0979313850402832,
    1.065870761871338,
    1.0379549264907837
  ],
  "sparse_categorical_accuracy": [
    0.674116849899292,
    0.7394758462905884,
    0.7538331151008606,
    0.7625939249992371,
    0.7685670852661133,
    0.7735502123832703,
    0.7774952054023743,
    0.7806477546691895,
    0.7838615775108337,
    0.7874011993408203
  ],
  "val_loss": [
    1.6596630811691284,
    1.4334681034088135,
    1.3396239280700684,
    1.294050693511963,
    1.260378360748291,
    1.2321072816848755,
    1.2218255996704102,
    1.2047748565673828,
    1.2008531093597412,
    1.1872968673706055
  ],
  "val_sparse_categorical_accuracy": [
    0.7298744320869446,
    0.7469412088394165,
    0.7579416036605835,
    0.7606689929962158,
    0.7651770114898682,
    0.7680545449256897,
    0.7688276171684265,
    0.7715193033218384,
    0.7709917426109314,
    0.7740491032600403
  ]
}