{
  "loss": [
    2.5648767948150635,
    1.6026571989059448,
    1.4344967603683472,
    1.3411725759506226,
    1.2688329219818115,
    1.2108781337738037,
    1.1606513261795044,
    1.1186658143997192,
    1.0830581188201904,
    1.0509148836135864
  ],
  "sparse_categorical_accuracy": [
    0.6736271381378174,
    0.7329166531562805,
    0.7478218674659729,
    0.758120059967041,
    0.7642905712127686,
    0.7697199583053589,
    0.7746791839599609,
    0.7783754467964172,
    0.7820969820022583,
    0.7855365872383118
  ],
  "val_loss": [
    1.7579009532928467,
    1.4945008754730225,
    1.3959710597991943,
    1.3257728815078735,
    1.2837907075881958,
    1.243188500404358,
    1.2169557809829712,
    1.2085126638412476,
    1.1883543729782104,
    1.19878089427948
  ],
  "val_sparse_categorical_accuracy": [
    0.7232803702354431,
    0.7407968044281006,
    0.7520245909690857,
    0.7596137523651123,
    0.7640858888626099,
    0.7680426239967346,
    0.7706801295280457,
    0.77158522605896,
    0.7723646759986877,
    0.7706981301307678
  ]
}