{
  "loss": [
    1.866708755493164,
    1.3474072217941284,
    1.2101926803588867,
    1.1165928840637207,
    1.0482758283615112,
    0.9924213886260986,
    0.9422317147254944,
    0.9018890857696533,
    0.8614887595176697,
    0.8261289596557617
  ],
  "sparse_categorical_accuracy": [
    0.7163189053535461,
    0.7561094760894775,
    0.768017053604126,
    0.7759184241294861,
    0.7819973826408386,
    0.7874250411987305,
    0.7924102544784546,
    0.7971349954605103,
    0.802133321762085,
    0.8070720434188843
  ],
  "val_loss": [
    1.4440515041351318,
    1.2901078462600708,
    1.2159004211425781,
    1.1750315427780151,
    1.1639173030853271,
    1.1407549381256104,
    1.1475048065185547,
    1.1397080421447754,
    1.1455042362213135,
    1.1457366943359375
  ],
  "val_sparse_categorical_accuracy": [
    0.7463237643241882,
    0.7626832723617554,
    0.7704163789749146,
    0.7732218503952026,
    0.7767766118049622,
    0.7789047956466675,
    0.7798158526420593,
    0.7802295684814453,
    0.7800378799438477,
    0.7816444635391235
  ]
}