recur_type,bleu4,meteor,runtime_seconds
lstm,0.11126572050838014,0.24820023621641008,80.28918584187825
rnn,0.11702569413556846,0.24736059357566084,60.675145069758095
