{
  "loss": [
    2.4597103595733643,
    1.498276948928833,
    1.3569890260696411,
    1.2743219137191772,
    1.2144838571548462,
    1.16775643825531,
    1.1298261880874634,
    1.0974948406219482,
    1.0689369440078735,
    1.0432583093643188
  ],
  "sparse_categorical_accuracy": [
    0.6869457960128784,
    0.7423033714294434,
    0.7561835646629333,
    0.7636740207672119,
    0.7688011527061462,
    0.7731728553771973,
    0.7764760255813599,
    0.7796809077262878,
    0.7825531363487244,
    0.7853437662124634
  ],
  "val_loss": [
    1.6193636655807495,
    1.4123448133468628,
    1.3252378702163696,
    1.2726452350616455,
    1.2361454963684082,
    1.2136268615722656,
    1.1974786520004272,
    1.183500051498413,
    1.1736102104187012,
    1.168615698814392
  ],
  "val_sparse_categorical_accuracy": [
    0.7295807003974915,
    0.7503522634506226,
    0.7593920230865479,
    0.7647392749786377,
    0.768707811832428,
    0.7696850299835205,
    0.7711418271064758,
    0.7729042172431946,
    0.7742289304733276,
    0.7752900719642639
  ]
}