{
  "loss": [
    2.074207305908203,
    1.5141910314559937,
    1.380400538444519,
    1.298606514930725,
    1.238194465637207,
    1.1883288621902466,
    1.1405112743377686,
    1.0986779928207397,
    1.0579801797866821,
    1.0151506662368774
  ],
  "sparse_categorical_accuracy": [
    0.6969075798988342,
    0.7411686182022095,
    0.7550976872444153,
    0.7617310881614685,
    0.7665240168571472,
    0.7703132033348083,
    0.774543285369873,
    0.7778578400611877,
    0.7817464470863342,
    0.7857803106307983
  ],
  "val_loss": [
    1.6384109258651733,
    1.4589991569519043,
    1.3760660886764526,
    1.3274296522140503,
    1.2913892269134521,
    1.2602022886276245,
    1.2378451824188232,
    1.2464102506637573,
    1.1805108785629272,
    1.167224407196045
  ],
  "val_sparse_categorical_accuracy": [
    0.7305518388748169,
    0.7476727962493896,
    0.7552498579025269,
    0.7594761848449707,
    0.7635226249694824,
    0.7672091722488403,
    0.7683902382850647,
    0.7662981748580933,
    0.7739351391792297,
    0.7752059698104858
  ]
}