{
  "loss": [
    2.0272631645202637,
    1.5288516283035278,
    1.3915200233459473,
    1.3143781423568726,
    1.2520060539245605,
    1.1991373300552368,
    1.1468634605407715,
    1.1151583194732666,
    1.0874488353729248,
    1.0412297248840332
  ],
  "sparse_categorical_accuracy": [
    0.6971126198768616,
    0.7388036847114563,
    0.7509747743606567,
    0.7577726244926453,
    0.7625558376312256,
    0.7669552564620972,
    0.7714449167251587,
    0.7740978002548218,
    0.7763162851333618,
    0.7803438901901245
  ],
  "val_loss": [
    1.647578239440918,
    1.4858050346374512,
    1.3809229135513306,
    1.3660892248153687,
    1.3046787977218628,
    1.2584043741226196,
    1.2316696643829346,
    1.2613496780395508,
    1.2114759683609009,
    1.2006953954696655
  ],
  "val_sparse_categorical_accuracy": [
    0.727074921131134,
    0.7415879964828491,
    0.7520427107810974,
    0.7527680993080139,
    0.7596619129180908,
    0.7660402655601501,
    0.766663670539856,
    0.7659563422203064,
    0.7710038423538208,
    0.7721367478370667
  ]
}