recur_type,bleu4,meteor,time_s
lstm,0.11319645000484463,0.3166341234985342,36.50404294331869
rnn,0.12363228498283212,0.32020803878405485,69.74581062793732
