kernel_size,macro_f1
3,0.7285506553357315
5,0.7050366397589348
