num_layers,macro_f1
2,0.6966320870170952
3,0.7369552080775711
