pooling,macro_f1
avg,0.7172695152611254
max,0.716317779833541
