filters,macro_f1
32,0.7191265432654765
64,0.7144607518291898
