{
  "loss": [
    1.9897090196609497,
    1.4511605501174927,
    1.326748251914978,
    1.2376033067703247,
    1.1683483123779297,
    1.1135098934173584,
    1.0689442157745361,
    1.0303699970245361,
    0.9974343776702881,
    0.9688948392868042
  ],
  "sparse_categorical_accuracy": [
    0.7038496732711792,
    0.7456463575363159,
    0.75791335105896,
    0.7654705047607422,
    0.7714551091194153,
    0.7764309644699097,
    0.7811821699142456,
    0.7853068709373474,
    0.7884445190429688,
    0.7912783026695251
  ],
  "val_loss": [
    1.5470242500305176,
    1.39222252368927,
    1.3049651384353638,
    1.2396999597549438,
    1.1946699619293213,
    1.1624342203140259,
    1.136831283569336,
    1.1188980340957642,
    1.1054768562316895,
    1.0963191986083984
  ],
  "val_sparse_categorical_accuracy": [
    0.7372315526008606,
    0.7518677115440369,
    0.7603923082351685,
    0.7669352889060974,
    0.7713322043418884,
    0.7755268216133118,
    0.7789573073387146,
    0.7816540002822876,
    0.7835791707038879,
    0.7851859927177429
  ]
}