{
  "loss": [
    1.8941611051559448,
    1.3936847448349,
    1.2242567539215088,
    1.1094698905944824,
    1.0288861989974976,
    0.9673731923103333,
    0.9156427383422852,
    0.8681157231330872,
    0.8256574869155884,
    0.7860698699951172
  ],
  "sparse_categorical_accuracy": [
    0.7029672265052795,
    0.7500495314598083,
    0.7643254399299622,
    0.7745263576507568,
    0.7817985415458679,
    0.7870157361030579,
    0.7918369174003601,
    0.7973077893257141,
    0.8027139902114868,
    0.8083419799804688
  ],
  "val_loss": [
    1.5104916095733643,
    1.3105804920196533,
    1.2036380767822266,
    1.138701319694519,
    1.104848861694336,
    1.083499789237976,
    1.0682475566864014,
    1.0609700679779053,
    1.0592002868652344,
    1.0585521459579468
  ],
  "val_sparse_categorical_accuracy": [
    0.739227831363678,
    0.7577967643737793,
    0.7687217593193054,
    0.7765606045722961,
    0.7803244590759277,
    0.7836615443229675,
    0.7869126200675964,
    0.7883917093276978,
    0.7894668579101562,
    0.7911220788955688
  ]
}