{
  "loss": [
    1.881747841835022,
    1.3863826990127563,
    1.2631661891937256,
    1.186020016670227,
    1.1275869607925415,
    1.0792375802993774,
    1.0386676788330078,
    1.0023267269134521,
    0.9695133566856384,
    0.9402886033058167
  ],
  "sparse_categorical_accuracy": [
    0.7131416201591492,
    0.753831684589386,
    0.7649439573287964,
    0.7707531452178955,
    0.776024341583252,
    0.7805963754653931,
    0.784669041633606,
    0.7885360717773438,
    0.7922092080116272,
    0.7954853773117065
  ],
  "val_loss": [
    1.4753412008285522,
    1.3311563730239868,
    1.253081202507019,
    1.207152247428894,
    1.1728028059005737,
    1.1499769687652588,
    1.1329008340835571,
    1.1179876327514648,
    1.1100994348526,
    1.1041715145111084
  ],
  "val_sparse_categorical_accuracy": [
    0.7450889348983765,
    0.7604297399520874,
    0.7660361528396606,
    0.7705833911895752,
    0.774534285068512,
    0.7774932384490967,
    0.7802760004997253,
    0.7818263173103333,
    0.7835044860839844,
    0.7849387526512146
  ]
}