{
  "loss": [
    1.634201169013977,
    1.241864800453186,
    1.0985476970672607,
    1.0041357278823853,
    0.9295782446861267,
    0.8650029897689819,
    0.8060073256492615,
    0.753142237663269,
    0.7051616907119751,
    0.6602577567100525
  ],
  "sparse_categorical_accuracy": [
    0.7321136593818665,
    0.7655843496322632,
    0.7783890962600708,
    0.7871776223182678,
    0.7943671941757202,
    0.8013160824775696,
    0.8089808821678162,
    0.8168167471885681,
    0.8247756361961365,
    0.8328600525856018
  ],
  "val_loss": [
    1.3446383476257324,
    1.1913204193115234,
    1.1148662567138672,
    1.0757137537002563,
    1.0529518127441406,
    1.0381379127502441,
    1.0370748043060303,
    1.04060959815979,
    1.0446383953094482,
    1.0509783029556274
  ],
  "val_sparse_categorical_accuracy": [
    0.7566318511962891,
    0.7718491554260254,
    0.7808826565742493,
    0.7855717539787292,
    0.7895564436912537,
    0.7925528287887573,
    0.793021023273468,
    0.7938676476478577,
    0.7937027215957642,
    0.7947364449501038
  ]
}