{
  "loss": [
    2.053912401199341,
    1.5037928819656372,
    1.3794502019882202,
    1.2944222688674927,
    1.234052062034607,
    1.182995319366455,
    1.1390780210494995,
    1.1007537841796875,
    1.0665982961654663,
    1.0355243682861328
  ],
  "sparse_categorical_accuracy": [
    0.6975985765457153,
    0.7396875023841858,
    0.7513550519943237,
    0.7602640986442566,
    0.7652185559272766,
    0.768975019454956,
    0.7724795937538147,
    0.7759272456169128,
    0.7791123390197754,
    0.7822108864784241
  ],
  "val_loss": [
    1.6024848222732544,
    1.436037302017212,
    1.3531759977340698,
    1.2980172634124756,
    1.2545809745788574,
    1.2206635475158691,
    1.192290186882019,
    1.1757454872131348,
    1.154673457145691,
    1.1408947706222534
  ],
  "val_sparse_categorical_accuracy": [
    0.7330592274665833,
    0.7467555999755859,
    0.755800724029541,
    0.7616020441055298,
    0.7649990320205688,
    0.7682160139083862,
    0.7708864212036133,
    0.7733956575393677,
    0.7761598229408264,
    0.7786653637886047
  ]
}