{
  "loss": [
    1.7650806903839111,
    1.3158637285232544,
    1.1448255777359009,
    1.0405505895614624,
    0.9655829668045044,
    0.9034174680709839,
    0.8485473394393921,
    0.7981036305427551,
    0.7525795102119446,
    0.7102801203727722
  ],
  "sparse_categorical_accuracy": [
    0.7182580828666687,
    0.7590010762214661,
    0.772986114025116,
    0.7826972007751465,
    0.7894971966743469,
    0.7956884503364563,
    0.8019816875457764,
    0.8087323307991028,
    0.8156077265739441,
    0.8226433396339417
  ],
  "val_loss": [
    1.4511141777038574,
    1.2382808923721313,
    1.1353553533554077,
    1.0896168947219849,
    1.0599342584609985,
    1.0446927547454834,
    1.0324907302856445,
    1.0311381816864014,
    1.0298924446105957,
    1.0347625017166138
  ],
  "val_sparse_categorical_accuracy": [
    0.7472947239875793,
    0.7664669752120972,
    0.7768975496292114,
    0.7832610011100769,
    0.7874593138694763,
    0.7894968390464783,
    0.792687714099884,
    0.7938711047172546,
    0.7952872514724731,
    0.795901358127594
  ]
}