{
  "loss": [
    1.7375078201293945,
    1.2822389602661133,
    1.1772712469100952,
    1.1122534275054932,
    1.0635453462600708,
    1.0243713855743408,
    0.9913421273231506,
    0.9625129699707031,
    0.9372366666793823,
    0.9134306311607361
  ],
  "sparse_categorical_accuracy": [
    0.7303839325904846,
    0.7631747126579285,
    0.7720423936843872,
    0.7773640751838684,
    0.7817484140396118,
    0.7856184840202332,
    0.7888166904449463,
    0.7921261191368103,
    0.7947847843170166,
    0.7978189587593079
  ],
  "val_loss": [
    1.3652652502059937,
    1.2443310022354126,
    1.1949666738510132,
    1.1645917892456055,
    1.14640474319458,
    1.1375024318695068,
    1.1308314800262451,
    1.1298749446868896,
    1.1255955696105957,
    1.1269205808639526
  ],
  "val_sparse_categorical_accuracy": [
    0.755777895450592,
    0.7680661082267761,
    0.7719352841377258,
    0.775474488735199,
    0.7775233387947083,
    0.7784854769706726,
    0.7799798846244812,
    0.7800774574279785,
    0.7815905213356018,
    0.7811635136604309
  ]
}