{
  "loss": [
    1.52113938331604,
    1.167041540145874,
    1.0547298192977905,
    0.977796196937561,
    0.9161180257797241,
    0.863592803478241,
    0.8187413215637207,
    0.7795997262001038,
    0.7461182475090027,
    0.715606153011322
  ],
  "sparse_categorical_accuracy": [
    0.744238555431366,
    0.7720304727554321,
    0.7809309959411621,
    0.7875214219093323,
    0.7933818697929382,
    0.799741804599762,
    0.8052175045013428,
    0.8109015822410583,
    0.8163543939590454,
    0.8209235668182373
  ],
  "val_loss": [
    1.2531747817993164,
    1.1619033813476562,
    1.1311081647872925,
    1.1203066110610962,
    1.122868537902832,
    1.1217734813690186,
    1.1274785995483398,
    1.1407482624053955,
    1.150930404663086,
    1.1672064065933228
  ],
  "val_sparse_categorical_accuracy": [
    0.7653735876083374,
    0.7757442593574524,
    0.7798189520835876,
    0.7820700407028198,
    0.7817701101303101,
    0.7840138077735901,
    0.7844702005386353,
    0.7829684019088745,
    0.784957766532898,
    0.7834669351577759
  ]
}