{
  "loss": [
    1.7798198461532593,
    1.2863047122955322,
    1.1866223812103271,
    1.1227631568908691,
    1.076251745223999,
    1.0398204326629639,
    1.009546160697937,
    0.9814950823783875,
    0.958443284034729,
    0.936164140701294
  ],
  "sparse_categorical_accuracy": [
    0.7251756191253662,
    0.762297511100769,
    0.7706918716430664,
    0.7765618562698364,
    0.7807039618492126,
    0.7841439247131348,
    0.7870197892189026,
    0.7904015779495239,
    0.7927669882774353,
    0.7957350611686707
  ],
  "val_loss": [
    1.3635728359222412,
    1.2554512023925781,
    1.1993098258972168,
    1.174492597579956,
    1.1537667512893677,
    1.1480076313018799,
    1.1395094394683838,
    1.133387565612793,
    1.1345458030700684,
    1.1312161684036255
  ],
  "val_sparse_categorical_accuracy": [
    0.754515528678894,
    0.7659985423088074,
    0.7712312340736389,
    0.7738980054855347,
    0.7769801616668701,
    0.7772948741912842,
    0.7781522870063782,
    0.779459536075592,
    0.780695378780365,
    0.7808042168617249
  ]
}