{
  "loss": [
    1.7521601915359497,
    1.2792078256607056,
    1.175612211227417,
    1.1112070083618164,
    1.0635160207748413,
    1.0251611471176147,
    0.9924899339675903,
    0.9641151428222656,
    0.9390592575073242,
    0.9158538579940796
  ],
  "sparse_categorical_accuracy": [
    0.7274309992790222,
    0.7634811997413635,
    0.7723353505134583,
    0.7777301073074341,
    0.782335102558136,
    0.7859835028648376,
    0.7893754839897156,
    0.7924205660820007,
    0.7953470349311829,
    0.7980396151542664
  ],
  "val_loss": [
    1.363852620124817,
    1.2432072162628174,
    1.1925525665283203,
    1.1713539361953735,
    1.1486132144927979,
    1.137603759765625,
    1.1338400840759277,
    1.1286734342575073,
    1.1272021532058716,
    1.1261595487594604
  ],
  "val_sparse_categorical_accuracy": [
    0.7560027241706848,
    0.7671377062797546,
    0.7718114256858826,
    0.7741448879241943,
    0.7768861055374146,
    0.7795007824897766,
    0.7799273729324341,
    0.7814481258392334,
    0.7824742197990417,
    0.7827700972557068
  ]
}