{
  "loss": [
    1.7401131391525269,
    1.3864504098892212,
    1.2759153842926025,
    1.196934700012207,
    1.1284010410308838,
    1.067582130432129,
    1.0174087285995483,
    0.9738107323646545,
    0.9351368546485901,
    0.9019323587417603
  ],
  "sparse_categorical_accuracy": [
    0.7251883745193481,
    0.7546103000640869,
    0.763439953327179,
    0.769339919090271,
    0.7743008732795715,
    0.7793269157409668,
    0.7830811142921448,
    0.7861464619636536,
    0.7899916172027588,
    0.7931711077690125
  ],
  "val_loss": [
    1.4752761125564575,
    1.347234845161438,
    1.2730861902236938,
    1.2177543640136719,
    1.1899582147598267,
    1.1683579683303833,
    1.154662847518921,
    1.1570823192596436,
    1.1530745029449463,
    1.1516096591949463
  ],
  "val_sparse_categorical_accuracy": [
    0.7466511726379395,
    0.7595158815383911,
    0.7647742033004761,
    0.7703022360801697,
    0.7739835381507874,
    0.7763018608093262,
    0.7785007953643799,
    0.7779016494750977,
    0.780204713344574,
    0.781219482421875
  ]
}