{
  "loss": [
    1.7434908151626587,
    1.412293553352356,
    1.2994650602340698,
    1.207745909690857,
    1.1539220809936523,
    1.0968095064163208,
    1.0546985864639282,
    1.0187528133392334,
    0.9913166165351868,
    0.9661371111869812
  ],
  "sparse_categorical_accuracy": [
    0.7242827415466309,
    0.7517521977424622,
    0.7601937055587769,
    0.7673210501670837,
    0.7705966830253601,
    0.7746580839157104,
    0.7770647406578064,
    0.7797618508338928,
    0.7818415760993958,
    0.7838811874389648
  ],
  "val_loss": [
    1.4978829622268677,
    1.366890788078308,
    1.2887911796569824,
    1.2326606512069702,
    1.2009261846542358,
    1.1902456283569336,
    1.2019016742706299,
    1.1747348308563232,
    1.1778770685195923,
    1.1882572174072266
  ],
  "val_sparse_categorical_accuracy": [
    0.7429391741752625,
    0.7569576501846313,
    0.7639766931533813,
    0.7685309052467346,
    0.7713845372200012,
    0.7735717296600342,
    0.7720476984977722,
    0.7756617665290833,
    0.775668740272522,
    0.7745383381843567
  ]
}